season,round,raceName,date,driver,constructor,position,grid,laps,status,time,points
1994,1,Brazilian Grand Prix,1994-03-27,Schumacher,Benetton,1,2,71,Finished,1:35:39.2,10
1994,1,Brazilian Grand Prix,1994-03-27,Hill,Williams,2,4,70,+1 Lap,,6
1994,1,Brazilian Grand Prix,1994-03-27,Alesi,Ferrari,3,3,70,+1 Lap,,4
1994,1,Brazilian Grand Prix,1994-03-27,Barrichello,Jordan,4,14,70,+1 Lap,,3
1994,1,Brazilian Grand Prix,1994-03-27,Katayama,Tyrrell,5,10,69,+2 Laps,,2
1994,1,Brazilian Grand Prix,1994-03-27,Wendlinger,Sauber,6,7,69,+2 Laps,,1
1994,1,Brazilian Grand Prix,1994-03-27,Herbert,Team Lotus,7,21,69,+2 Laps,,0
1994,1,Brazilian Grand Prix,1994-03-27,Martini,Minardi,8,15,69,+2 Laps,,0
1994,1,Brazilian Grand Prix,1994-03-27,Comas,Larrousse,9,13,68,+3 Laps,,0
1994,1,Brazilian Grand Prix,1994-03-27,Lamy,Team Lotus,10,24,68,+3 Laps,,0
1994,1,Brazilian Grand Prix,1994-03-27,Panis,Ligier,11,19,68,+3 Laps,,0
1994,1,Brazilian Grand Prix,1994-03-27,Brabham,Simtek,12,26,67,+4 Laps,,0
1994,1,Brazilian Grand Prix,1994-03-27,Senna,Williams,13,1,55,Spun off,,0
1994,1,Brazilian Grand Prix,1994-03-27,Brundle,McLaren,14,18,34,Collision,,0
1994,1,Brazilian Grand Prix,1994-03-27,Irvine,Jordan,15,16,34,Collision,,0
1994,1,Brazilian Grand Prix,1994-03-27,Verstappen,Benetton,16,9,34,Collision,,0
1994,1,Brazilian Grand Prix,1994-03-27,Bernard,Ligier,17,20,33,Collision,,0
1994,1,Brazilian Grand Prix,1994-03-27,Blundell,Tyrrell,18,12,21,Spun off,,0
1994,1,Brazilian Grand Prix,1994-03-27,Fittipaldi,Footwork,19,11,21,Gearbox,,0
1994,1,Brazilian Grand Prix,1994-03-27,Frentzen,Sauber,20,5,15,Spun off,,0
1994,1,Brazilian Grand Prix,1994-03-27,Häkkinen,McLaren,21,8,13,Engine,,0
1994,1,Brazilian Grand Prix,1994-03-27,Alboreto,Minardi,22,22,7,Engine,,0
1994,1,Brazilian Grand Prix,1994-03-27,Morbidelli,Footwork,23,6,5,Gearbox,,0
1994,1,Brazilian Grand Prix,1994-03-27,Berger,Ferrari,24,17,5,Engine,,0
1994,1,Brazilian Grand Prix,1994-03-27,Beretta,Larrousse,25,23,2,Accident,,0
1994,1,Brazilian Grand Prix,1994-03-27,Gachot,Pacific,26,25,1,Accident,,0
1994,1,Brazilian Grand Prix,1994-03-27,Ratzenberger,Simtek,27,27,0,Did not qualify,,0
1994,1,Brazilian Grand Prix,1994-03-27,Belmondo,Pacific,28,28,0,Did not qualify,,0
1994,2,Pacific Grand Prix,1994-04-17,Schumacher,Benetton,1,2,83,Finished,1:46:01.693,10
1994,2,Pacific Grand Prix,1994-04-17,Berger,Ferrari,2,5,83,Finished,+1:15.300,6
1994,2,Pacific Grand Prix,1994-04-17,Barrichello,Jordan,3,8,82,+1 Lap,,4
1994,2,Pacific Grand Prix,1994-04-17,Fittipaldi,Footwork,4,9,82,+1 Lap,,3
1994,2,Pacific Grand Prix,1994-04-17,Frentzen,Sauber,5,11,82,+1 Lap,,2
1994,2,Pacific Grand Prix,1994-04-17,Comas,Larrousse,6,16,80,+3 Laps,,1
1994,2,Pacific Grand Prix,1994-04-17,Herbert,Team Lotus,7,23,80,+3 Laps,,0
1994,2,Pacific Grand Prix,1994-04-17,Lamy,Team Lotus,8,24,79,+4 Laps,,0
1994,2,Pacific Grand Prix,1994-04-17,Panis,Ligier,9,22,78,+5 Laps,,0
1994,2,Pacific Grand Prix,1994-04-17,Bernard,Ligier,10,18,78,+5 Laps,,0
1994,2,Pacific Grand Prix,1994-04-17,Ratzenberger,Simtek,11,26,78,+5 Laps,,0
1994,2,Pacific Grand Prix,1994-04-17,Morbidelli,Footwork,12,13,69,Engine,,0
1994,2,Pacific Grand Prix,1994-04-17,Wendlinger,Sauber,13,19,69,Collision,,0
1994,2,Pacific Grand Prix,1994-04-17,Alboreto,Minardi,14,15,69,Collision,,0
1994,2,Pacific Grand Prix,1994-04-17,Brundle,McLaren,15,6,67,Overheating,,0
1994,2,Pacific Grand Prix,1994-04-17,Martini,Minardi,16,17,63,Spun off,,0
1994,2,Pacific Grand Prix,1994-04-17,Verstappen,Benetton,17,10,54,Spun off,,0
1994,2,Pacific Grand Prix,1994-04-17,Hill,Williams,18,3,49,Transmission,,0
1994,2,Pacific Grand Prix,1994-04-17,Suzuki,Jordan,19,20,44,Steering,,0
1994,2,Pacific Grand Prix,1994-04-17,Katayama,Tyrrell,20,14,42,Engine,,0
1994,2,Pacific Grand Prix,1994-04-17,Häkkinen,McLaren,21,4,19,Gearbox,,0
1994,2,Pacific Grand Prix,1994-04-17,Beretta,Larrousse,22,21,14,Electrical,,0
1994,2,Pacific Grand Prix,1994-04-17,Brabham,Simtek,23,25,2,Electrical,,0
1994,2,Pacific Grand Prix,1994-04-17,Senna,Williams,24,1,0,Collision,,0
1994,2,Pacific Grand Prix,1994-04-17,Larini,Ferrari,25,7,0,Collision,,0
1994,2,Pacific Grand Prix,1994-04-17,Blundell,Tyrrell,26,12,0,Collision,,0
1994,2,Pacific Grand Prix,1994-04-17,Gachot,Pacific,27,0,0,Did not qualify,,0
1994,2,Pacific Grand Prix,1994-04-17,Belmondo,Pacific,28,0,0,Did not qualify,,0
1994,3,San Marino Grand Prix,1994-05-01,Schumacher,Benetton,1,2,58,Finished,1:28:28.642,10
1994,3,San Marino Grand Prix,1994-05-01,Larini,Ferrari,2,6,58,Finished,+54.942,6
1994,3,San Marino Grand Prix,1994-05-01,Häkkinen,McLaren,3,8,58,Finished,+70.679,4
1994,3,San Marino Grand Prix,1994-05-01,Wendlinger,Sauber,4,10,58,Finished,+73.658,3
1994,3,San Marino Grand Prix,1994-05-01,Katayama,Tyrrell,5,9,57,+1 Lap,,2
1994,3,San Marino Grand Prix,1994-05-01,Hill,Williams,6,4,57,+1 Lap,,1
1994,3,San Marino Grand Prix,1994-05-01,Frentzen,Sauber,7,7,57,+1 Lap,,0
1994,3,San Marino Grand Prix,1994-05-01,Brundle,McLaren,8,13,57,+1 Lap,,0
1994,3,San Marino Grand Prix,1994-05-01,Blundell,Tyrrell,9,12,56,+2 Laps,,0
1994,3,San Marino Grand Prix,1994-05-01,Herbert,Team Lotus,10,20,56,+2 Laps,,0
1994,3,San Marino Grand Prix,1994-05-01,Panis,Ligier,11,19,56,+2 Laps,,0
1994,3,San Marino Grand Prix,1994-05-01,Bernard,Ligier,12,17,55,+3 Laps,,0
1994,3,San Marino Grand Prix,1994-05-01,Fittipaldi,Footwork,13,16,54,Spun off,,0
1994,3,San Marino Grand Prix,1994-05-01,de Cesaris,Jordan,14,21,49,Spun off,,0
1994,3,San Marino Grand Prix,1994-05-01,Alboreto,Minardi,15,15,44,Wheel,,0
1994,3,San Marino Grand Prix,1994-05-01,Morbidelli,Footwork,16,11,40,Engine,,0
1994,3,San Marino Grand Prix,1994-05-01,Martini,Minardi,17,14,37,Spun off,,0
1994,3,San Marino Grand Prix,1994-05-01,Brabham,Simtek,18,24,27,Spun off,,0
1994,3,San Marino Grand Prix,1994-05-01,Gachot,Pacific,19,25,23,Engine,,0
1994,3,San Marino Grand Prix,1994-05-01,Beretta,Larrousse,20,23,17,Engine,,0
1994,3,San Marino Grand Prix,1994-05-01,Berger,Ferrari,21,3,16,Suspension,,0
1994,3,San Marino Grand Prix,1994-05-01,Senna,Williams,22,1,5,Accident,,0
1994,3,San Marino Grand Prix,1994-05-01,Comas,Larrousse,23,18,5,Withdrew,,0
1994,3,San Marino Grand Prix,1994-05-01,Järvilehto,Benetton,24,5,0,Collision,,0
1994,3,San Marino Grand Prix,1994-05-01,Lamy,Team Lotus,25,22,0,Collision,,0
1994,3,San Marino Grand Prix,1994-05-01,Ratzenberger,Simtek,26,0,0,Accident,,0
1994,3,San Marino Grand Prix,1994-05-01,Barrichello,Jordan,27,0,0,Injury,,0
1994,3,San Marino Grand Prix,1994-05-01,Belmondo,Pacific,28,0,0,Did not qualify,,0
1994,4,Monaco Grand Prix,1994-05-15,Schumacher,Benetton,1,1,78,Finished,1:49:55.3,10
1994,4,Monaco Grand Prix,1994-05-15,Brundle,McLaren,2,8,78,Finished,+37.278,6
1994,4,Monaco Grand Prix,1994-05-15,Berger,Ferrari,3,3,78,Finished,+1:16.824,4
1994,4,Monaco Grand Prix,1994-05-15,de Cesaris,Jordan,4,14,77,+1 Lap,,3
1994,4,Monaco Grand Prix,1994-05-15,Alesi,Ferrari,5,5,77,+1 Lap,,2
1994,4,Monaco Grand Prix,1994-05-15,Alboreto,Minardi,6,12,77,+1 Lap,,1
1994,4,Monaco Grand Prix,1994-05-15,Järvilehto,Benetton,7,17,77,+1 Lap,,0
1994,4,Monaco Grand Prix,1994-05-15,Beretta,Larrousse,8,18,76,+2 Laps,,0
1994,4,Monaco Grand Prix,1994-05-15,Panis,Ligier,9,20,76,+2 Laps,,0
1994,4,Monaco Grand Prix,1994-05-15,Comas,Larrousse,10,13,75,+3 Laps,,0
1994,4,Monaco Grand Prix,1994-05-15,Lamy,Team Lotus,11,19,73,+5 Laps,,0
1994,4,Monaco Grand Prix,1994-05-15,Herbert,Team Lotus,12,16,68,Gearbox,,0
1994,4,Monaco Grand Prix,1994-05-15,Belmondo,Pacific,13,24,53,Physical,,0
1994,4,Monaco Grand Prix,1994-05-15,Gachot,Pacific,14,23,49,Gearbox,,0
1994,4,Monaco Grand Prix,1994-05-15,Fittipaldi,Footwork,15,6,47,Gearbox,,0
1994,4,Monaco Grand Prix,1994-05-15,Brabham,Simtek,16,22,45,Engine,,0
1994,4,Monaco Grand Prix,1994-05-15,Blundell,Tyrrell,17,10,40,Engine,,0
1994,4,Monaco Grand Prix,1994-05-15,Katayama,Tyrrell,18,11,38,Gearbox,,0
1994,4,Monaco Grand Prix,1994-05-15,Bernard,Ligier,19,21,34,Spun off,,0
1994,4,Monaco Grand Prix,1994-05-15,Barrichello,Jordan,20,15,27,Electrical,,0
1994,4,Monaco Grand Prix,1994-05-15,Häkkinen,McLaren,21,2,0,Collision,,0
1994,4,Monaco Grand Prix,1994-05-15,Hill,Williams,22,4,0,Collision,,0
1994,4,Monaco Grand Prix,1994-05-15,Morbidelli,Footwork,23,7,0,Collision,,0
1994,4,Monaco Grand Prix,1994-05-15,Martini,Minardi,24,9,0,Collision,,0
1994,4,Monaco Grand Prix,1994-05-15,Frentzen,Sauber,25,0,0,Withdrew,,0
1994,4,Monaco Grand Prix,1994-05-15,Wendlinger,Sauber,26,0,0,Injury,,0
1994,5,Spanish Grand Prix,1994-05-29,Hill,Williams,1,2,65,Finished,1:36:14.3,10
1994,5,Spanish Grand Prix,1994-05-29,Schumacher,Benetton,2,1,65,Finished,+24.166,6
1994,5,Spanish Grand Prix,1994-05-29,Blundell,Tyrrell,3,11,65,Finished,+1:26.969,4
1994,5,Spanish Grand Prix,1994-05-29,Alesi,Ferrari,4,6,64,+1 Lap,,3
1994,5,Spanish Grand Prix,1994-05-29,Martini,Minardi,5,18,64,+1 Lap,,2
1994,5,Spanish Grand Prix,1994-05-29,Irvine,Jordan,6,13,64,+1 Lap,,1
1994,5,Spanish Grand Prix,1994-05-29,Panis,Ligier,7,19,63,+2 Laps,,0
1994,5,Spanish Grand Prix,1994-05-29,Bernard,Ligier,8,20,62,+3 Laps,,0
1994,5,Spanish Grand Prix,1994-05-29,Zanardi,Team Lotus,9,23,62,+3 Laps,,0
1994,5,Spanish Grand Prix,1994-05-29,Brabham,Simtek,10,24,61,+4 Laps,,0
1994,5,Spanish Grand Prix,1994-05-29,Brundle,McLaren,11,8,59,Transmission,,0
1994,5,Spanish Grand Prix,1994-05-29,Järvilehto,Benetton,12,4,53,Engine,,0
1994,5,Spanish Grand Prix,1994-05-29,Häkkinen,McLaren,13,3,48,Engine,,0
1994,5,Spanish Grand Prix,1994-05-29,Herbert,Team Lotus,14,22,41,Spun off,,0
1994,5,Spanish Grand Prix,1994-05-29,Barrichello,Jordan,15,5,39,Spun off,,0
1994,5,Spanish Grand Prix,1994-05-29,Fittipaldi,Footwork,16,21,35,Engine,,0
1994,5,Spanish Grand Prix,1994-05-29,Coulthard,Williams,17,9,32,Electrical,,0
1994,5,Spanish Grand Prix,1994-05-29,Gachot,Pacific,18,25,32,Broken wing,,0
1994,5,Spanish Grand Prix,1994-05-29,Berger,Ferrari,19,7,27,Gearbox,,0
1994,5,Spanish Grand Prix,1994-05-29,Morbidelli,Footwork,20,15,24,Fuel system,,0
1994,5,Spanish Grand Prix,1994-05-29,Frentzen,Sauber,21,12,21,Gearbox,,0
1994,5,Spanish Grand Prix,1994-05-29,Comas,Larrousse,22,16,19,Radiator,,0
1994,5,Spanish Grand Prix,1994-05-29,Katayama,Tyrrell,23,10,16,Engine,,0
1994,5,Spanish Grand Prix,1994-05-29,Alboreto,Minardi,24,14,4,Engine,,0
1994,5,Spanish Grand Prix,1994-05-29,Belmondo,Pacific,25,26,2,Spun off,,0
1994,5,Spanish Grand Prix,1994-05-29,Beretta,Larrousse,26,17,0,Engine,,0
1994,5,Spanish Grand Prix,1994-05-29,Montermini,Simtek,27,0,0,Injury,,0
1994,6,Canadian Grand Prix,1994-06-12,Schumacher,Benetton,1,1,69,Finished,1:44:32.1,10
1994,6,Canadian Grand Prix,1994-06-12,Hill,Williams,2,4,69,Finished,+39.66,6
1994,6,Canadian Grand Prix,1994-06-12,Alesi,Ferrari,3,2,69,Finished,+1:13.338,4
1994,6,Canadian Grand Prix,1994-06-12,Berger,Ferrari,4,3,69,Finished,+1:15.609,3
1994,6,Canadian Grand Prix,1994-06-12,Coulthard,Williams,5,5,68,+1 Lap,,2
1994,6,Canadian Grand Prix,1994-06-12,Järvilehto,Benetton,6,20,68,+1 Lap,,1
1994,6,Canadian Grand Prix,1994-06-12,Barrichello,Jordan,7,6,68,+1 Lap,,0
1994,6,Canadian Grand Prix,1994-06-12,Herbert,Team Lotus,8,17,68,+1 Lap,,0
1994,6,Canadian Grand Prix,1994-06-12,Martini,Minardi,9,15,68,+1 Lap,,0
1994,6,Canadian Grand Prix,1994-06-12,Blundell,Tyrrell,10,13,67,Spun off,,0
1994,6,Canadian Grand Prix,1994-06-12,Alboreto,Minardi,11,18,67,+2 Laps,,0
1994,6,Canadian Grand Prix,1994-06-12,Panis,Ligier,12,19,67,+2 Laps,,0
1994,6,Canadian Grand Prix,1994-06-12,Bernard,Ligier,13,24,66,+3 Laps,,0
1994,6,Canadian Grand Prix,1994-06-12,Brabham,Simtek,14,25,65,+4 Laps,,0
1994,6,Canadian Grand Prix,1994-06-12,Zanardi,Team Lotus,15,23,62,+7 Laps,,0
1994,6,Canadian Grand Prix,1994-06-12,Fittipaldi,Footwork,16,16,68,Disqualified,,0
1994,6,Canadian Grand Prix,1994-06-12,Häkkinen,McLaren,17,7,61,Engine,,0
1994,6,Canadian Grand Prix,1994-06-12,Beretta,Larrousse,18,22,57,Engine,,0
1994,6,Canadian Grand Prix,1994-06-12,Morbidelli,Footwork,19,11,50,Transmission,,0
1994,6,Canadian Grand Prix,1994-06-12,Gachot,Pacific,20,26,47,Oil pressure,,0
1994,6,Canadian Grand Prix,1994-06-12,Comas,Larrousse,21,21,45,Clutch,,0
1994,6,Canadian Grand Prix,1994-06-12,Katayama,Tyrrell,22,9,44,Accident,,0
1994,6,Canadian Grand Prix,1994-06-12,Irvine,Jordan,23,8,40,Spun off,,0
1994,6,Canadian Grand Prix,1994-06-12,de Cesaris,Sauber,24,14,24,Oil pressure,,0
1994,6,Canadian Grand Prix,1994-06-12,Frentzen,Sauber,25,10,5,Spun off,,0
1994,6,Canadian Grand Prix,1994-06-12,Brundle,McLaren,26,12,3,Electrical,,0
1994,6,Canadian Grand Prix,1994-06-12,Belmondo,Pacific,27,0,0,Did not qualify,,0
1994,7,French Grand Prix,1994-07-03,Schumacher,Benetton,1,3,72,Finished,1:38:36.2,10
1994,7,French Grand Prix,1994-07-03,Hill,Williams,2,1,72,Finished,+12.642,6
1994,7,French Grand Prix,1994-07-03,Berger,Ferrari,3,5,72,Finished,+52.765,4
1994,7,French Grand Prix,1994-07-03,Frentzen,Sauber,4,10,71,+1 Lap,,3
1994,7,French Grand Prix,1994-07-03,Martini,Minardi,5,16,70,+2 Laps,,2
1994,7,French Grand Prix,1994-07-03,de Cesaris,Sauber,6,11,70,+2 Laps,,1
1994,7,French Grand Prix,1994-07-03,Herbert,Team Lotus,7,19,70,+2 Laps,,0
1994,7,French Grand Prix,1994-07-03,Fittipaldi,Footwork,8,18,70,+2 Laps,,0
1994,7,French Grand Prix,1994-07-03,Gounon,Simtek,9,26,68,+4 Laps,,0
1994,7,French Grand Prix,1994-07-03,Blundell,Tyrrell,10,17,67,+5 Laps,,0
1994,7,French Grand Prix,1994-07-03,Comas,Larrousse,11,20,66,Engine,,0
1994,7,French Grand Prix,1994-07-03,Katayama,Tyrrell,12,14,53,Spun off,,0
1994,7,French Grand Prix,1994-07-03,Häkkinen,McLaren,13,9,48,Engine,,0
1994,7,French Grand Prix,1994-07-03,Mansell,Williams,14,2,45,Gearbox,,0
1994,7,French Grand Prix,1994-07-03,Alesi,Ferrari,15,4,41,Collision,,0
1994,7,French Grand Prix,1994-07-03,Barrichello,Jordan,16,7,41,Collision,,0
1994,7,French Grand Prix,1994-07-03,Bernard,Ligier,17,15,40,Gearbox,,0
1994,7,French Grand Prix,1994-07-03,Beretta,Larrousse,18,25,36,Engine,,0
1994,7,French Grand Prix,1994-07-03,Brundle,McLaren,19,12,29,Engine,,0
1994,7,French Grand Prix,1994-07-03,Morbidelli,Footwork,20,22,28,Collision,,0
1994,7,French Grand Prix,1994-07-03,Panis,Ligier,21,13,28,Collision,,0
1994,7,French Grand Prix,1994-07-03,Brabham,Simtek,22,24,28,Transmission,,0
1994,7,French Grand Prix,1994-07-03,Verstappen,Benetton,23,8,25,Spun off,,0
1994,7,French Grand Prix,1994-07-03,Irvine,Jordan,24,6,24,Gearbox,,0
1994,7,French Grand Prix,1994-07-03,Alboreto,Minardi,25,21,21,Engine,,0
1994,7,French Grand Prix,1994-07-03,Zanardi,Team Lotus,26,23,20,Engine,,0
1994,7,French Grand Prix,1994-07-03,Belmondo,Pacific,27,0,0,Did not qualify,,0
1994,7,French Grand Prix,1994-07-03,Gachot,Pacific,28,0,0,Did not qualify,,0
1994,8,British Grand Prix,1994-07-10,Hill,Williams,1,1,60,Finished,1:30:03.640,10
1994,8,British Grand Prix,1994-07-10,Alesi,Ferrari,2,4,60,Finished,+1:08.128,6
1994,8,British Grand Prix,1994-07-10,Häkkinen,McLaren,3,5,60,Finished,+1:40.659,4
1994,8,British Grand Prix,1994-07-10,Barrichello,Jordan,4,6,60,Finished,+1:41.751,3
1994,8,British Grand Prix,1994-07-10,Coulthard,Williams,5,7,59,+1 Lap,,2
1994,8,British Grand Prix,1994-07-10,Katayama,Tyrrell,6,8,59,+1 Lap,,1
1994,8,British Grand Prix,1994-07-10,Frentzen,Sauber,7,13,59,+1 Lap,,0
1994,8,British Grand Prix,1994-07-10,Verstappen,Benetton,8,10,59,+1 Lap,,0
1994,8,British Grand Prix,1994-07-10,Fittipaldi,Footwork,9,20,58,+2 Laps,,0
1994,8,British Grand Prix,1994-07-10,Martini,Minardi,10,14,58,+2 Laps,,0
1994,8,British Grand Prix,1994-07-10,Herbert,Team Lotus,11,21,58,+2 Laps,,0
1994,8,British Grand Prix,1994-07-10,Panis,Ligier,12,15,58,+2 Laps,,0
1994,8,British Grand Prix,1994-07-10,Bernard,Ligier,13,23,58,+2 Laps,,0
1994,8,British Grand Prix,1994-07-10,Beretta,Larrousse,14,24,58,+2 Laps,,0
1994,8,British Grand Prix,1994-07-10,Brabham,Simtek,15,25,57,+3 Laps,,0
1994,8,British Grand Prix,1994-07-10,Gounon,Simtek,16,26,57,+3 Laps,,0
1994,8,British Grand Prix,1994-07-10,Schumacher,Benetton,17,2,60,Disqualified,,0
1994,8,British Grand Prix,1994-07-10,Alboreto,Minardi,18,17,48,Engine,,0
1994,8,British Grand Prix,1994-07-10,Berger,Ferrari,19,3,32,Engine,,0
1994,8,British Grand Prix,1994-07-10,Blundell,Tyrrell,20,11,20,Gearbox,,0
1994,8,British Grand Prix,1994-07-10,Comas,Larrousse,21,22,12,Engine,,0
1994,8,British Grand Prix,1994-07-10,de Cesaris,Sauber,22,18,11,Engine,,0
1994,8,British Grand Prix,1994-07-10,Morbidelli,Footwork,23,16,5,Engine,,0
1994,8,British Grand Prix,1994-07-10,Zanardi,Team Lotus,24,19,4,Engine,,0
1994,8,British Grand Prix,1994-07-10,Brundle,McLaren,25,9,0,Engine,,0
1994,8,British Grand Prix,1994-07-10,Irvine,Jordan,26,12,0,Engine,,0
1994,8,British Grand Prix,1994-07-10,Gachot,Pacific,27,0,0,Did not qualify,,0
1994,8,British Grand Prix,1994-07-10,Belmondo,Pacific,28,0,0,Did not qualify,,0
1994,9,German Grand Prix,1994-07-31,Berger,Ferrari,1,1,45,Finished,1:22:37.2,10
1994,9,German Grand Prix,1994-07-31,Panis,Ligier,2,12,45,Finished,+54.779,6
1994,9,German Grand Prix,1994-07-31,Bernard,Ligier,3,14,45,Finished,+1:05.0421,4
1994,9,German Grand Prix,1994-07-31,Fittipaldi,Footwork,4,17,45,Finished,+1:21.609,3
1994,9,German Grand Prix,1994-07-31,Morbidelli,Footwork,5,16,45,Finished,+1:30.544,2
1994,9,German Grand Prix,1994-07-31,Comas,Larrousse,6,22,45,Finished,+1:45.445,1
1994,9,German Grand Prix,1994-07-31,Beretta,Larrousse,7,24,44,+1 Lap,,0
1994,9,German Grand Prix,1994-07-31,Hill,Williams,8,3,44,+1 Lap,,0
1994,9,German Grand Prix,1994-07-31,Gounon,Simtek,9,26,39,Engine,,0
1994,9,German Grand Prix,1994-07-31,Brabham,Simtek,10,25,37,Clutch,,0
1994,9,German Grand Prix,1994-07-31,Schumacher,Benetton,11,4,20,Engine,,0
1994,9,German Grand Prix,1994-07-31,Brundle,McLaren,12,13,19,Engine,,0
1994,9,German Grand Prix,1994-07-31,Coulthard,Williams,13,6,17,Electrical,,0
1994,9,German Grand Prix,1994-07-31,Verstappen,Benetton,14,19,15,Heat shield fire,,0
1994,9,German Grand Prix,1994-07-31,Katayama,Tyrrell,15,5,6,Throttle,,0
1994,9,German Grand Prix,1994-07-31,Alesi,Ferrari,16,2,1,Electrical,,0
1994,9,German Grand Prix,1994-07-31,Blundell,Tyrrell,17,7,0,Collision,,0
1994,9,German Grand Prix,1994-07-31,Häkkinen,McLaren,18,8,0,Collision,,0
1994,9,German Grand Prix,1994-07-31,Frentzen,Sauber,19,9,0,Collision,,0
1994,9,German Grand Prix,1994-07-31,Irvine,Jordan,20,10,0,Collision,,0
1994,9,German Grand Prix,1994-07-31,Barrichello,Jordan,21,11,0,Collision,,0
1994,9,German Grand Prix,1994-07-31,Herbert,Team Lotus,22,15,0,Collision,,0
1994,9,German Grand Prix,1994-07-31,de Cesaris,Sauber,23,18,0,Collision,,0
1994,9,German Grand Prix,1994-07-31,Martini,Minardi,24,20,0,Collision,,0
1994,9,German Grand Prix,1994-07-31,Zanardi,Team Lotus,25,21,0,Collision,,0
1994,9,German Grand Prix,1994-07-31,Alboreto,Minardi,26,23,0,Collision,,0
1994,9,German Grand Prix,1994-07-31,Gachot,Pacific,27,0,0,Did not qualify,,0
1994,9,German Grand Prix,1994-07-31,Belmondo,Pacific,28,0,0,Did not qualify,,0
1994,10,Hungarian Grand Prix,1994-08-14,Schumacher,Benetton,1,1,77,Finished,1:48:00.185,10
1994,10,Hungarian Grand Prix,1994-08-14,Hill,Williams,2,2,77,Finished,+20.827,6
1994,10,Hungarian Grand Prix,1994-08-14,Verstappen,Benetton,3,12,77,Finished,+1:10.329,4
1994,10,Hungarian Grand Prix,1994-08-14,Brundle,McLaren,4,6,76,Electrical,,3
1994,10,Hungarian Grand Prix,1994-08-14,Blundell,Tyrrell,5,11,76,+1 Lap,,2
1994,10,Hungarian Grand Prix,1994-08-14,Panis,Ligier,6,9,76,+1 Lap,,1
1994,10,Hungarian Grand Prix,1994-08-14,Alboreto,Minardi,7,20,75,+2 Laps,,0
1994,10,Hungarian Grand Prix,1994-08-14,Comas,Larrousse,8,21,75,+2 Laps,,0
1994,10,Hungarian Grand Prix,1994-08-14,Beretta,Larrousse,9,25,75,+2 Laps,,0
1994,10,Hungarian Grand Prix,1994-08-14,Bernard,Ligier,10,18,75,+2 Laps,,0
1994,10,Hungarian Grand Prix,1994-08-14,Brabham,Simtek,11,23,74,+3 Laps,,0
1994,10,Hungarian Grand Prix,1994-08-14,Berger,Ferrari,12,4,72,Engine,,0
1994,10,Hungarian Grand Prix,1994-08-14,Zanardi,Team Lotus,13,22,72,+5 Laps,,0
1994,10,Hungarian Grand Prix,1994-08-14,Fittipaldi,Footwork,14,16,69,Transmission,,0
1994,10,Hungarian Grand Prix,1994-08-14,Coulthard,Williams,15,3,59,Spun off,,0
1994,10,Hungarian Grand Prix,1994-08-14,Alesi,Ferrari,16,13,58,Gearbox,,0
1994,10,Hungarian Grand Prix,1994-08-14,Martini,Minardi,17,15,58,Spun off,,0
1994,10,Hungarian Grand Prix,1994-08-14,Frentzen,Sauber,18,8,39,Gearbox,,0
1994,10,Hungarian Grand Prix,1994-08-14,Herbert,Team Lotus,19,24,34,Electrical,,0
1994,10,Hungarian Grand Prix,1994-08-14,de Cesaris,Sauber,20,17,30,Collision,,0
1994,10,Hungarian Grand Prix,1994-08-14,Morbidelli,Footwork,21,19,30,Collision,,0
1994,10,Hungarian Grand Prix,1994-08-14,Alliot,McLaren,22,14,21,Water leak,,0
1994,10,Hungarian Grand Prix,1994-08-14,Gounon,Simtek,23,26,9,Handling,,0
1994,10,Hungarian Grand Prix,1994-08-14,Katayama,Tyrrell,24,5,0,Collision,,0
1994,10,Hungarian Grand Prix,1994-08-14,Irvine,Jordan,25,7,0,Collision,,0
1994,10,Hungarian Grand Prix,1994-08-14,Barrichello,Jordan,26,10,0,Collision,,0
1994,10,Hungarian Grand Prix,1994-08-14,Gachot,Pacific,27,0,0,Did not qualify,,0
1994,10,Hungarian Grand Prix,1994-08-14,Belmondo,Pacific,28,0,0,Did not qualify,,0
1994,11,Belgian Grand Prix,1994-08-28,Hill,Williams,1,3,44,Finished,1:28:47.1,10
1994,11,Belgian Grand Prix,1994-08-28,Häkkinen,McLaren,2,8,44,Finished,+51.381,6
1994,11,Belgian Grand Prix,1994-08-28,Verstappen,Benetton,3,6,44,Finished,+1:10.453,4
1994,11,Belgian Grand Prix,1994-08-28,Coulthard,Williams,4,7,44,Finished,+1:45.787,3
1994,11,Belgian Grand Prix,1994-08-28,Blundell,Tyrrell,5,12,43,+1 Lap,,2
1994,11,Belgian Grand Prix,1994-08-28,Morbidelli,Footwork,6,14,43,+1 Lap,,1
1994,11,Belgian Grand Prix,1994-08-28,Panis,Ligier,7,17,43,+1 Lap,,0
1994,11,Belgian Grand Prix,1994-08-28,Martini,Minardi,8,10,43,+1 Lap,,0
1994,11,Belgian Grand Prix,1994-08-28,Alboreto,Minardi,9,18,43,+1 Lap,,0
1994,11,Belgian Grand Prix,1994-08-28,Bernard,Ligier,10,16,42,+2 Laps,,0
1994,11,Belgian Grand Prix,1994-08-28,Gounon,Simtek,11,25,42,+2 Laps,,0
1994,11,Belgian Grand Prix,1994-08-28,Herbert,Team Lotus,12,20,41,+3 Laps,,0
1994,11,Belgian Grand Prix,1994-08-28,Irvine,Jordan,13,4,40,Alternator,,0
1994,11,Belgian Grand Prix,1994-08-28,Schumacher,Benetton,14,2,44,Disqualified,,0
1994,11,Belgian Grand Prix,1994-08-28,Fittipaldi,Footwork,15,24,33,Engine,,0
1994,11,Belgian Grand Prix,1994-08-28,Brabham,Simtek,16,21,29,Wheel,,0
1994,11,Belgian Grand Prix,1994-08-28,de Cesaris,Sauber,17,15,27,Throttle,,0
1994,11,Belgian Grand Prix,1994-08-28,Brundle,McLaren,18,13,24,Spun off,,0
1994,11,Belgian Grand Prix,1994-08-28,Barrichello,Jordan,19,1,19,Spun off,,0
1994,11,Belgian Grand Prix,1994-08-28,Katayama,Tyrrell,20,23,18,Engine,,0
1994,11,Belgian Grand Prix,1994-08-28,Adams,Team Lotus,21,26,15,Spun off,,0
1994,11,Belgian Grand Prix,1994-08-28,Berger,Ferrari,22,11,11,Engine,,0
1994,11,Belgian Grand Prix,1994-08-28,Alliot,Larrousse,23,19,11,Engine,,0
1994,11,Belgian Grand Prix,1994-08-28,Frentzen,Sauber,24,9,10,Halfshaft,,0
1994,11,Belgian Grand Prix,1994-08-28,Comas,Larrousse,25,22,3,Engine,,0
1994,11,Belgian Grand Prix,1994-08-28,Alesi,Ferrari,26,5,2,Engine,,0
1994,11,Belgian Grand Prix,1994-08-28,Gachot,Pacific,27,0,0,Did not qualify,,0
1994,11,Belgian Grand Prix,1994-08-28,Belmondo,Pacific,28,0,0,Did not qualify,,0
1994,12,Italian Grand Prix,1994-09-11,Hill,Williams,1,3,53,Finished,1:18:03.2,10
1994,12,Italian Grand Prix,1994-09-11,Berger,Ferrari,2,2,53,Finished,+4.93,6
1994,12,Italian Grand Prix,1994-09-11,Häkkinen,McLaren,3,7,53,Finished,+25.64,4
1994,12,Italian Grand Prix,1994-09-11,Barrichello,Jordan,4,16,53,Finished,+50.634,3
1994,12,Italian Grand Prix,1994-09-11,Brundle,McLaren,5,15,53,Finished,+1:25.575,2
1994,12,Italian Grand Prix,1994-09-11,Coulthard,Williams,6,5,52,Out of fuel,,1
1994,12,Italian Grand Prix,1994-09-11,Bernard,Ligier,7,12,52,+1 Lap,,0
1994,12,Italian Grand Prix,1994-09-11,Comas,Larrousse,8,24,52,+1 Lap,,0
1994,12,Italian Grand Prix,1994-09-11,Järvilehto,Benetton,9,20,52,+1 Lap,,0
1994,12,Italian Grand Prix,1994-09-11,Panis,Ligier,10,6,51,+2 Laps,,0
1994,12,Italian Grand Prix,1994-09-11,Brabham,Simtek,11,26,46,Puncture,,0
1994,12,Italian Grand Prix,1994-09-11,Katayama,Tyrrell,12,14,45,Spun off,,0
1994,12,Italian Grand Prix,1994-09-11,Fittipaldi,Footwork,13,19,43,Engine,,0
1994,12,Italian Grand Prix,1994-09-11,Irvine,Jordan,14,9,41,Engine,,0
1994,12,Italian Grand Prix,1994-09-11,Blundell,Tyrrell,15,21,39,Spun off,,0
1994,12,Italian Grand Prix,1994-09-11,Martini,Minardi,16,18,30,Spun off,,0
1994,12,Italian Grand Prix,1994-09-11,Alboreto,Minardi,17,22,28,Gearbox,,0
1994,12,Italian Grand Prix,1994-09-11,Frentzen,Sauber,18,11,22,Engine,,0
1994,12,Italian Grand Prix,1994-09-11,de Cesaris,Sauber,19,8,20,Engine,,0
1994,12,Italian Grand Prix,1994-09-11,Gounon,Simtek,20,25,20,Gearbox,,0
1994,12,Italian Grand Prix,1994-09-11,Dalmas,Larrousse,21,23,18,Spun off,,0
1994,12,Italian Grand Prix,1994-09-11,Alesi,Ferrari,22,1,14,Gearbox,,0
1994,12,Italian Grand Prix,1994-09-11,Herbert,Team Lotus,23,4,13,Alternator,,0
1994,12,Italian Grand Prix,1994-09-11,Verstappen,Benetton,24,10,0,Collision,,0
1994,12,Italian Grand Prix,1994-09-11,Zanardi,Team Lotus,25,13,0,Collision,,0
1994,12,Italian Grand Prix,1994-09-11,Morbidelli,Footwork,26,17,0,Collision,,0
1994,12,Italian Grand Prix,1994-09-11,Gachot,Pacific,27,0,0,Did not qualify,,0
1994,12,Italian Grand Prix,1994-09-11,Belmondo,Pacific,28,0,0,Did not qualify,,0
1994,13,Portuguese Grand Prix,1994-09-25,Hill,Williams,1,2,71,Finished,1:45:10.1,10
1994,13,Portuguese Grand Prix,1994-09-25,Coulthard,Williams,2,3,71,Finished,+0.603,6
1994,13,Portuguese Grand Prix,1994-09-25,Häkkinen,McLaren,3,4,71,Finished,+20.193,4
1994,13,Portuguese Grand Prix,1994-09-25,Barrichello,Jordan,4,8,71,Finished,+28.003,3
1994,13,Portuguese Grand Prix,1994-09-25,Verstappen,Benetton,5,10,71,Finished,+29.385,2
1994,13,Portuguese Grand Prix,1994-09-25,Brundle,McLaren,6,7,71,Finished,+52.702,1
1994,13,Portuguese Grand Prix,1994-09-25,Irvine,Jordan,7,13,70,+1 Lap,,0
1994,13,Portuguese Grand Prix,1994-09-25,Fittipaldi,Footwork,8,11,70,+1 Lap,,0
1994,13,Portuguese Grand Prix,1994-09-25,Morbidelli,Footwork,9,16,70,+1 Lap,,0
1994,13,Portuguese Grand Prix,1994-09-25,Bernard,Ligier,10,21,70,+1 Lap,,0
1994,13,Portuguese Grand Prix,1994-09-25,Herbert,Team Lotus,11,20,70,+1 Lap,,0
1994,13,Portuguese Grand Prix,1994-09-25,Martini,Minardi,12,18,69,+2 Laps,,0
1994,13,Portuguese Grand Prix,1994-09-25,Alboreto,Minardi,13,19,69,+2 Laps,,0
1994,13,Portuguese Grand Prix,1994-09-25,Dalmas,Larrousse,14,23,69,+2 Laps,,0
1994,13,Portuguese Grand Prix,1994-09-25,Gounon,Simtek,15,26,67,+4 Laps,,0
1994,13,Portuguese Grand Prix,1994-09-25,Adams,Team Lotus,16,25,67,+4 Laps,,0
1994,13,Portuguese Grand Prix,1994-09-25,Panis,Ligier,17,15,70,Disqualified,,0
1994,13,Portuguese Grand Prix,1994-09-25,Blundell,Tyrrell,18,12,61,Engine,,0
1994,13,Portuguese Grand Prix,1994-09-25,Järvilehto,Benetton,19,14,60,Spun off,,0
1994,13,Portuguese Grand Prix,1994-09-25,de Cesaris,Sauber,20,17,54,Spun off,,0
1994,13,Portuguese Grand Prix,1994-09-25,Alesi,Ferrari,21,5,38,Collision,,0
1994,13,Portuguese Grand Prix,1994-09-25,Brabham,Simtek,22,24,36,Collision,,0
1994,13,Portuguese Grand Prix,1994-09-25,Frentzen,Sauber,23,9,31,Differential,,0
1994,13,Portuguese Grand Prix,1994-09-25,Comas,Larrousse,24,22,27,Suspension,,0
1994,13,Portuguese Grand Prix,1994-09-25,Katayama,Tyrrell,25,6,26,Gearbox,,0
1994,13,Portuguese Grand Prix,1994-09-25,Berger,Ferrari,26,1,7,Gearbox,,0
1994,13,Portuguese Grand Prix,1994-09-25,Gachot,Pacific,27,0,0,Did not qualify,,0
1994,13,Portuguese Grand Prix,1994-09-25,Belmondo,Pacific,28,0,0,Did not qualify,,0
1994,14,European Grand Prix,1994-10-16,Schumacher,Benetton,1,1,69,Finished,1:40:27.3,10
1994,14,European Grand Prix,1994-10-16,Hill,Williams,2,2,69,Finished,+24.689,6
1994,14,European Grand Prix,1994-10-16,Häkkinen,McLaren,3,9,69,Finished,+1:09.648,4
1994,14,European Grand Prix,1994-10-16,Irvine,Jordan,4,10,69,Finished,+1:18.446,3
1994,14,European Grand Prix,1994-10-16,Berger,Ferrari,5,6,68,+1 Lap,,2
1994,14,European Grand Prix,1994-10-16,Frentzen,Sauber,6,4,68,+1 Lap,,1
1994,14,European Grand Prix,1994-10-16,Katayama,Tyrrell,7,13,68,+1 Lap,,0
1994,14,European Grand Prix,1994-10-16,Herbert,Ligier,8,7,68,+1 Lap,,0
1994,14,European Grand Prix,1994-10-16,Panis,Ligier,9,11,68,+1 Lap,,0
1994,14,European Grand Prix,1994-10-16,Alesi,Ferrari,10,16,68,+1 Lap,,0
1994,14,European Grand Prix,1994-10-16,Morbidelli,Footwork,11,8,68,+1 Lap,,0
1994,14,European Grand Prix,1994-10-16,Barrichello,Jordan,12,5,68,+1 Lap,,0
1994,14,European Grand Prix,1994-10-16,Blundell,Tyrrell,13,14,68,+1 Lap,,0
1994,14,European Grand Prix,1994-10-16,Alboreto,Minardi,14,20,67,+2 Laps,,0
1994,14,European Grand Prix,1994-10-16,Martini,Minardi,15,17,67,+2 Laps,,0
1994,14,European Grand Prix,1994-10-16,Zanardi,Team Lotus,16,21,67,+2 Laps,,0
1994,14,European Grand Prix,1994-10-16,Fittipaldi,Footwork,17,19,66,+3 Laps,,0
1994,14,European Grand Prix,1994-10-16,Bernard,Team Lotus,18,22,66,+3 Laps,,0
1994,14,European Grand Prix,1994-10-16,Schiattarella,Simtek,19,26,64,+5 Laps,,0
1994,14,European Grand Prix,1994-10-16,Mansell,Williams,20,3,47,Spun off,,0
1994,14,European Grand Prix,1994-10-16,Brabham,Simtek,21,25,42,Engine,,0
1994,14,European Grand Prix,1994-10-16,de Cesaris,Sauber,22,18,37,Throttle,,0
1994,14,European Grand Prix,1994-10-16,Comas,Larrousse,23,23,37,Alternator,,0
1994,14,European Grand Prix,1994-10-16,Verstappen,Benetton,24,12,15,Spun off,,0
1994,14,European Grand Prix,1994-10-16,Noda,Larrousse,25,24,10,Gearbox,,0
1994,14,European Grand Prix,1994-10-16,Brundle,McLaren,26,15,8,Engine,,0
1994,14,European Grand Prix,1994-10-16,Gachot,Pacific,27,0,0,Did not qualify,,0
1994,14,European Grand Prix,1994-10-16,Belmondo,Pacific,28,0,0,Did not qualify,,0
1994,15,Japanese Grand Prix,1994-11-06,Hill,Williams,1,2,50,Finished,1:55:53.532,10
1994,15,Japanese Grand Prix,1994-11-06,Schumacher,Benetton,2,1,50,Finished,+3.365,6
1994,15,Japanese Grand Prix,1994-11-06,Alesi,Ferrari,3,7,50,Finished,+52.045,4
1994,15,Japanese Grand Prix,1994-11-06,Mansell,Williams,4,4,50,Finished,+56.074,3
1994,15,Japanese Grand Prix,1994-11-06,Irvine,Jordan,5,6,50,Finished,+1:42.107,2
1994,15,Japanese Grand Prix,1994-11-06,Frentzen,Sauber,6,3,50,Finished,+1:59.863,1
1994,15,Japanese Grand Prix,1994-11-06,Häkkinen,McLaren,7,8,50,Finished,+2:02.985,0
1994,15,Japanese Grand Prix,1994-11-06,Fittipaldi,Footwork,8,18,49,+1 Lap,,0
1994,15,Japanese Grand Prix,1994-11-06,Comas,Larrousse,9,22,49,+1 Lap,,0
1994,15,Japanese Grand Prix,1994-11-06,Salo,Team Lotus,10,25,49,+1 Lap,,0
1994,15,Japanese Grand Prix,1994-11-06,Panis,Ligier,11,19,49,+1 Lap,,0
1994,15,Japanese Grand Prix,1994-11-06,Brabham,Simtek,12,24,48,+2 Laps,,0
1994,15,Japanese Grand Prix,1994-11-06,Zanardi,Team Lotus,13,17,48,+2 Laps,,0
1994,15,Japanese Grand Prix,1994-11-06,Blundell,Tyrrell,14,13,26,Engine,,0
1994,15,Japanese Grand Prix,1994-11-06,Barrichello,Jordan,15,10,16,Gearbox,,0
1994,15,Japanese Grand Prix,1994-11-06,Brundle,McLaren,16,9,13,Spun off,,0
1994,15,Japanese Grand Prix,1994-11-06,Morbidelli,Footwork,17,12,13,Spun off,,0
1994,15,Japanese Grand Prix,1994-11-06,Berger,Ferrari,18,11,10,Ignition,,0
1994,15,Japanese Grand Prix,1994-11-06,Lagorce,Ligier,19,20,10,Collision,,0
1994,15,Japanese Grand Prix,1994-11-06,Martini,Minardi,20,16,10,Collision,,0
1994,15,Japanese Grand Prix,1994-11-06,Alboreto,Minardi,21,21,10,Spun off,,0
1994,15,Japanese Grand Prix,1994-11-06,Herbert,Benetton,22,5,3,Spun off,,0
1994,15,Japanese Grand Prix,1994-11-06,Katayama,Tyrrell,23,14,3,Spun off,,0
1994,15,Japanese Grand Prix,1994-11-06,Inoue,Simtek,24,26,3,Spun off,,0
1994,15,Japanese Grand Prix,1994-11-06,Järvilehto,Sauber,25,15,0,Engine,,0
1994,15,Japanese Grand Prix,1994-11-06,Noda,Larrousse,26,23,0,Spun off,,0
1994,15,Japanese Grand Prix,1994-11-06,Gachot,Pacific,27,0,0,Did not qualify,,0
1994,15,Japanese Grand Prix,1994-11-06,Belmondo,Pacific,28,0,0,Did not qualify,,0
1994,16,Australian Grand Prix,1994-11-13,Mansell,Williams,1,1,81,Finished,1:47:51.4,10
1994,16,Australian Grand Prix,1994-11-13,Berger,Ferrari,2,11,81,Finished,+2.511,6
1994,16,Australian Grand Prix,1994-11-13,Brundle,McLaren,3,9,81,Finished,+52.487,4
1994,16,Australian Grand Prix,1994-11-13,Barrichello,Jordan,4,5,81,Finished,+1:10.530,3
1994,16,Australian Grand Prix,1994-11-13,Panis,Ligier,5,12,80,+1 Lap,,2
1994,16,Australian Grand Prix,1994-11-13,Alesi,Ferrari,6,8,80,+1 Lap,,1
1994,16,Australian Grand Prix,1994-11-13,Frentzen,Sauber,7,10,80,+1 Lap,,0
1994,16,Australian Grand Prix,1994-11-13,Fittipaldi,Footwork,8,19,80,+1 Lap,,0
1994,16,Australian Grand Prix,1994-11-13,Martini,Minardi,9,18,79,+2 Laps,,0
1994,16,Australian Grand Prix,1994-11-13,Järvilehto,Sauber,10,17,79,+2 Laps,,0
1994,16,Australian Grand Prix,1994-11-13,Lagorce,Ligier,11,20,79,+2 Laps,,0
1994,16,Australian Grand Prix,1994-11-13,Häkkinen,McLaren,12,4,76,Brakes,,0
1994,16,Australian Grand Prix,1994-11-13,Alboreto,Minardi,13,16,69,Suspension,,0
1994,16,Australian Grand Prix,1994-11-13,Blundell,Tyrrell,14,13,66,Accident,,0
1994,16,Australian Grand Prix,1994-11-13,Délétraz,Larrousse,15,25,56,Gearbox,,0
1994,16,Australian Grand Prix,1994-11-13,Salo,Team Lotus,16,22,49,Electrical,,0
1994,16,Australian Grand Prix,1994-11-13,Brabham,Simtek,17,24,49,Engine,,0
1994,16,Australian Grand Prix,1994-11-13,Zanardi,Team Lotus,18,14,40,Throttle,,0
1994,16,Australian Grand Prix,1994-11-13,Hill,Williams,19,3,35,Collision,,0
1994,16,Australian Grand Prix,1994-11-13,Schumacher,Benetton,20,2,35,Collision,,0
1994,16,Australian Grand Prix,1994-11-13,Schiattarella,Simtek,21,26,21,Gearbox,,0
1994,16,Australian Grand Prix,1994-11-13,Katayama,Tyrrell,22,15,19,Spun off,,0
1994,16,Australian Grand Prix,1994-11-13,Noda,Larrousse,23,23,18,Oil leak,,0
1994,16,Australian Grand Prix,1994-11-13,Morbidelli,Footwork,24,21,17,Oil leak,,0
1994,16,Australian Grand Prix,1994-11-13,Irvine,Jordan,25,6,15,Spun off,,0
1994,16,Australian Grand Prix,1994-11-13,Herbert,Benetton,26,7,13,Gearbox,,0
1994,16,Australian Grand Prix,1994-11-13,Gachot,Pacific,27,0,0,Did not qualify,,0
1994,16,Australian Grand Prix,1994-11-13,Belmondo,Pacific,28,0,0,Did not qualify,,0
